filename,width,height,class,xmin,ymin,xmax,ymax
eugenehor4_bmp.rf.aa065d813c317b43ae05007968a1f8dd.jpg,640,640,pupille,273,311,354,417
eugenehor4_bmp.rf.aa065d813c317b43ae05007968a1f8dd.jpg,640,640,iris,208,290,436,510
lpjr3_bmp.rf.ade33e28b2c057da40ff6c9d184ce99b.jpg,640,640,pupille,282,295,372,413
lpjr3_bmp.rf.ade33e28b2c057da40ff6c9d184ce99b.jpg,640,640,iris,206,224,441,493
fionar2_bmp.rf.a3a50301871d975fa75fea710439bf17.jpg,640,640,iris,138,174,371,456
fionar2_bmp.rf.a3a50301871d975fa75fea710439bf17.jpg,640,640,pupille,198,220,321,400
mimil5_bmp.rf.a787003e2c05eff842368b6a5193083f.jpg,640,640,iris,274,251,501,467
mimil5_bmp.rf.a787003e2c05eff842368b6a5193083f.jpg,640,640,pupille,342,293,427,406
yannr5_bmp.rf.af658c276636c3c952d7b30ffc1368d8.jpg,640,640,pupille,259,257,360,394
yannr5_bmp.rf.af658c276636c3c952d7b30ffc1368d8.jpg,640,640,iris,194,177,422,475
ongblr3_bmp.rf.ab353e5dcac4dcbbe964f910071aebaf.jpg,640,640,pupille,225,171,335,317
ongblr3_bmp.rf.ab353e5dcac4dcbbe964f910071aebaf.jpg,640,640,iris,173,157,392,394
lpjl2_bmp.rf.adac789a4b42548178dbbb7cebc27c96.jpg,640,640,pupille,289,275,372,391
lpjl2_bmp.rf.adac789a4b42548178dbbb7cebc27c96.jpg,640,640,iris,227,198,441,455
tickr3_bmp.rf.ae81a08851106f0a4e5d2041932c4d27.jpg,640,640,pupille,259,238,373,400
tickr3_bmp.rf.ae81a08851106f0a4e5d2041932c4d27.jpg,640,640,iris,204,199,424,449
lowyfr1_bmp.rf.ac0b33561342d50c2516caa810058602.jpg,640,640,pupille,300,238,400,373
lowyfr1_bmp.rf.ac0b33561342d50c2516caa810058602.jpg,640,640,iris,248,224,454,406
bryanr1_bmp.rf.b2ce9842ecc70b29592c9602add9f631.jpg,640,640,pupille,268,205,387,373
bryanr1_bmp.rf.b2ce9842ecc70b29592c9602add9f631.jpg,640,640,iris,200,160,440,449
norsuhaidahl2_bmp.rf.b09402325b1c2de4210c8611308d8b32.jpg,640,640,pupille,247,248,347,386
norsuhaidahl2_bmp.rf.b09402325b1c2de4210c8611308d8b32.jpg,640,640,iris,185,196,422,463
mimir1_bmp.rf.b1ffec126b1c55c5621e533e59a24abd.jpg,640,640,pupille,345,273,433,395
mimir1_bmp.rf.b1ffec126b1c55c5621e533e59a24abd.jpg,640,640,iris,261,205,504,461
roslir3_bmp.rf.ad863c54321f08c682a59e1b9248e3bc.jpg,640,640,pupille,287,237,386,370
roslir3_bmp.rf.ad863c54321f08c682a59e1b9248e3bc.jpg,640,640,iris,212,232,459,449
aevar1_bmp.rf.b6197e5a54251f153bae0ffe6ffd1c9f.jpg,640,640,pupille,325,287,416,406
aevar1_bmp.rf.b6197e5a54251f153bae0ffe6ffd1c9f.jpg,640,640,iris,269,242,466,480
tingcyl4_bmp.rf.a737320d8e9ace534c52d343cea85431.jpg,640,640,pupille,275,196,379,333
tingcyl4_bmp.rf.a737320d8e9ace534c52d343cea85431.jpg,640,640,iris,215,160,447,424
sarinar3_bmp.rf.b673393b65aeb8c2612d8a541db95080.jpg,640,640,pupille,272,278,398,445
sarinar3_bmp.rf.b673393b65aeb8c2612d8a541db95080.jpg,640,640,iris,216,248,449,510
zaridahr4_bmp.rf.b01ba702a9ff06e672e84d55d24f5da9.jpg,640,640,iris,209,180,456,493
zaridahr4_bmp.rf.b01ba702a9ff06e672e84d55d24f5da9.jpg,640,640,pupille,292,271,381,394
roslir2_bmp.rf.b3d307416073de71c1faad1e9fcbcc2c.jpg,640,640,iris,202,202,447,435
roslir2_bmp.rf.b3d307416073de71c1faad1e9fcbcc2c.jpg,640,640,pupille,279,215,378,340
tingcyr5_bmp.rf.b24c84ca58dc6ee9084ef878959d0c1b.jpg,640,640,pupille,261,293,361,433
tingcyr5_bmp.rf.b24c84ca58dc6ee9084ef878959d0c1b.jpg,640,640,iris,187,256,435,527
tingcyr2_bmp.rf.a66b559c765675f24f72b15a3e67dc77.jpg,640,640,iris,213,169,439,430
tingcyr2_bmp.rf.a66b559c765675f24f72b15a3e67dc77.jpg,640,640,pupille,280,210,380,340
bryanr5_bmp.rf.aa55dd95a7b80e5e4592fec8b1cdcb55.jpg,640,640,pupille,231,278,346,442
bryanr5_bmp.rf.aa55dd95a7b80e5e4592fec8b1cdcb55.jpg,640,640,iris,168,213,402,518
fatmar4_bmp.rf.a39c4caf46279fb3fdac14f7bd44c3b0.jpg,640,640,iris,220,259,446,500
fatmar4_bmp.rf.a39c4caf46279fb3fdac14f7bd44c3b0.jpg,640,640,pupille,280,292,389,422
fionar3_bmp.rf.a755d6c22dc2ccf603e818b4b58397bc.jpg,640,640,pupille,249,220,368,391
fionar3_bmp.rf.a755d6c22dc2ccf603e818b4b58397bc.jpg,640,640,iris,196,188,416,453
sarinal2_bmp.rf.b347174d79b79def365e6492a12fea18.jpg,640,640,pupille,272,282,404,455
sarinal2_bmp.rf.b347174d79b79def365e6492a12fea18.jpg,640,640,iris,224,248,460,505
tonghll5_bmp.rf.c0344496ef3d84b68b320aaef10cf2e9.jpg,640,640,iris,221,251,438,482
tonghll5_bmp.rf.c0344496ef3d84b68b320aaef10cf2e9.jpg,640,640,pupille,284,287,374,398
chongpkr3_bmp.rf.ba58c67311058b5c5d3bacb9810aae73.jpg,640,640,iris,193,163,451,494
chongpkr3_bmp.rf.ba58c67311058b5c5d3bacb9810aae73.jpg,640,640,pupille,264,238,389,402
yannl1_bmp.rf.bcc800868d86dd230ca2d46d407eba2b.jpg,640,640,iris,205,229,445,530
yannl1_bmp.rf.bcc800868d86dd230ca2d46d407eba2b.jpg,640,640,pupille,264,304,373,447
salar3_bmp.rf.bc11ae80ab6a764210c2897759a826b9.jpg,640,640,pupille,338,254,442,384
salar3_bmp.rf.bc11ae80ab6a764210c2897759a826b9.jpg,640,640,iris,272,240,504,467
tanwnr3_bmp.rf.b91be6c6c91af8de2bf5929a14498fd0.jpg,640,640,iris,156,149,393,395
tanwnr3_bmp.rf.b91be6c6c91af8de2bf5929a14498fd0.jpg,640,640,pupille,226,176,335,312
suzailir1_bmp.rf.c7ef7e0e3cc569860efc38632b5f12dc.jpg,640,640,pupille,246,339,329,444
suzailir1_bmp.rf.c7ef7e0e3cc569860efc38632b5f12dc.jpg,640,640,iris,166,293,401,535
chongpkr5_bmp.rf.c2e1ece557573d99f13bd02febc41f99.jpg,640,640,iris,232,205,471,511
chongpkr5_bmp.rf.c2e1ece557573d99f13bd02febc41f99.jpg,640,640,pupille,299,271,414,430
bryanl2_bmp.rf.b7a557b792e3c9392f3e871fa8d4a463.jpg,640,640,pupille,267,275,367,413
bryanl2_bmp.rf.b7a557b792e3c9392f3e871fa8d4a463.jpg,640,640,iris,208,205,446,497
winr2_bmp.rf.c6970feedd3bcb43a3d3a35d141c2d6c.jpg,640,640,iris,228,271,448,461
winr2_bmp.rf.c6970feedd3bcb43a3d3a35d141c2d6c.jpg,640,640,pupille,278,271,391,414
chongpkl3_bmp.rf.c3033990509395fbb82e7d6d017b01dd.jpg,640,640,pupille,294,257,401,406
chongpkl3_bmp.rf.c3033990509395fbb82e7d6d017b01dd.jpg,640,640,iris,221,166,478,500
sarinar2_bmp.rf.c8c679a6beeab145ae85b833c1cff166.jpg,640,640,iris,211,249,429,504
sarinar2_bmp.rf.c8c679a6beeab145ae85b833c1cff166.jpg,640,640,pupille,264,282,388,445
norazar5_bmp.rf.be9cf17061b3d0fa6e8ea9b0271a89da.jpg,640,640,pupille,326,251,449,428
norazar5_bmp.rf.be9cf17061b3d0fa6e8ea9b0271a89da.jpg,640,640,iris,261,212,505,500
nkll4_bmp.rf.cd2dff414174b2dce025966b473c92c0.jpg,640,640,pupille,302,177,441,344
nkll4_bmp.rf.cd2dff414174b2dce025966b473c92c0.jpg,640,640,iris,255,166,491,400
philipl4_bmp.rf.ce678c247a02b8f47028bcabed51714f.jpg,640,640,pupille,245,290,335,409
philipl4_bmp.rf.ce678c247a02b8f47028bcabed51714f.jpg,640,640,iris,185,215,401,472
eugenehor3_bmp.rf.c5bc94a0c52883dd557ba4fe81a4ddf6.jpg,640,640,iris,216,240,456,475
eugenehor3_bmp.rf.c5bc94a0c52883dd557ba4fe81a4ddf6.jpg,640,640,pupille,282,257,373,376
minglil5_bmp.rf.ce2a96b259261bd3507fdfc0db09ac13.jpg,640,640,iris,280,210,494,428
minglil5_bmp.rf.ce2a96b259261bd3507fdfc0db09ac13.jpg,640,640,pupille,339,227,428,358
christinel5_bmp.rf.c2a81cafb02b96a2e33fdfb0060f10d6.jpg,640,640,pupille,306,268,419,427
christinel5_bmp.rf.c2a81cafb02b96a2e33fdfb0060f10d6.jpg,640,640,iris,248,246,479,475
christiner5_bmp.rf.c4f33c545e1f52dbde7ca049ca1c4386.jpg,640,640,iris,261,223,489,447
christiner5_bmp.rf.c4f33c545e1f52dbde7ca049ca1c4386.jpg,640,640,pupille,331,245,431,394
salar5_bmp.rf.be920ad3843d17799457b7f245cf3f9c.jpg,640,640,pupille,328,273,442,409
salar5_bmp.rf.be920ad3843d17799457b7f245cf3f9c.jpg,640,640,iris,261,202,496,478
winl1_bmp.rf.bb77ef81e39a93093fd8d0aa28b73b79.jpg,640,640,iris,256,193,482,389
winl1_bmp.rf.bb77ef81e39a93093fd8d0aa28b73b79.jpg,640,640,pupille,305,198,434,347
tickr5_bmp.rf.cfa2a5d5fe1312bc6ac63a25ad332bc1.jpg,640,640,pupille,291,264,407,427
tickr5_bmp.rf.cfa2a5d5fe1312bc6ac63a25ad332bc1.jpg,640,640,iris,232,202,461,467
chingycl5_bmp.rf.ca01ecda4a2e285cbf0f711d8975d66f.jpg,640,640,iris,251,191,485,469
chingycl5_bmp.rf.ca01ecda4a2e285cbf0f711d8975d66f.jpg,640,640,pupille,312,251,412,383
fatmal4_bmp.rf.cda9f43d2902a5b92a16bb87e9434730.jpg,640,640,iris,249,289,462,515
fatmal4_bmp.rf.cda9f43d2902a5b92a16bb87e9434730.jpg,640,640,pupille,301,322,406,453
thomasr2_bmp.rf.ce680efdaf48e38a7442d62e676e3683.jpg,640,640,iris,202,209,460,471
thomasr2_bmp.rf.ce680efdaf48e38a7442d62e676e3683.jpg,640,640,pupille,266,238,406,400
zulaikahl1_bmp.rf.b077d4b0308e415b4cba7becfe9942e1.jpg,640,640,iris,236,166,476,463
zulaikahl1_bmp.rf.b077d4b0308e415b4cba7becfe9942e1.jpg,640,640,pupille,298,220,408,372
lowyfl4_bmp.rf.d775ae5ca0ecf13fcc8f687e23d3b984.jpg,640,640,pupille,251,234,368,376
lowyfl4_bmp.rf.d775ae5ca0ecf13fcc8f687e23d3b984.jpg,640,640,iris,208,216,416,438
mahskr5_bmp.rf.cea94e12ebb3bcad44212f9a5aedfa9a.jpg,640,640,pupille,280,240,387,375
mahskr5_bmp.rf.cea94e12ebb3bcad44212f9a5aedfa9a.jpg,640,640,iris,222,209,446,450
weecml3_bmp.rf.cef7f6f2ad3c03954dacaa94c9412c77.jpg,640,640,iris,165,223,435,500
weecml3_bmp.rf.cef7f6f2ad3c03954dacaa94c9412c77.jpg,640,640,pupille,231,243,353,408
winl3_bmp.rf.d87b14504dbee936e103a2375e91ee05.jpg,640,640,iris,261,271,486,471
winl3_bmp.rf.d87b14504dbee936e103a2375e91ee05.jpg,640,640,pupille,307,276,440,425
masl2_bmp.rf.ceb2ef464dd8d312464055f514e7978e.jpg,640,640,pupille,372,254,492,402
masl2_bmp.rf.ceb2ef464dd8d312464055f514e7978e.jpg,640,640,iris,327,243,540,447
christiner4_bmp.rf.d294ab6dc7bdcb6a131543014253bdc4.jpg,640,640,pupille,313,210,422,369
christiner4_bmp.rf.d294ab6dc7bdcb6a131543014253bdc4.jpg,640,640,iris,244,190,480,416
hockl5_bmp.rf.d17624d74abd14382bb68398bb3eda02.jpg,640,640,iris,213,195,446,456
hockl5_bmp.rf.d17624d74abd14382bb68398bb3eda02.jpg,640,640,pupille,272,240,376,375
vimalal2_bmp.rf.d06d65cc24e0a6e69e3f7c8ebe0ad194.jpg,640,640,pupille,289,278,388,400
vimalal2_bmp.rf.d06d65cc24e0a6e69e3f7c8ebe0ad194.jpg,640,640,iris,222,223,467,497
tonghll1_bmp.rf.dd555862f2c86dddf497f9d830f83729.jpg,640,640,iris,287,344,506,587
tonghll1_bmp.rf.dd555862f2c86dddf497f9d830f83729.jpg,640,640,pupille,345,378,442,505
lecr4_bmp.rf.d10750e573f7a4ae827770c2dc837cba.jpg,640,640,iris,316,207,540,420
lecr4_bmp.rf.d10750e573f7a4ae827770c2dc837cba.jpg,640,640,pupille,379,229,468,342
suzailil2_bmp.rf.dd36d78cf704d0cc7f41b678c3c0a2aa.jpg,640,640,pupille,324,391,401,497
suzailil2_bmp.rf.dd36d78cf704d0cc7f41b678c3c0a2aa.jpg,640,640,iris,249,334,478,576
roslil3_bmp.rf.d9128109b108474ded362c8455efb5cd.jpg,640,640,iris,274,229,506,422
roslil3_bmp.rf.d9128109b108474ded362c8455efb5cd.jpg,640,640,pupille,334,232,429,350
sitil3_bmp.rf.d09e898b17ae84793cacdd314e5cd4db.jpg,640,640,iris,261,227,485,469
sitil3_bmp.rf.d09e898b17ae84793cacdd314e5cd4db.jpg,640,640,pupille,319,259,418,397
suzailir3_bmp.rf.da10e3ff26d6a84ca7da973489f0ff23.jpg,640,640,pupille,301,318,379,414
suzailir3_bmp.rf.da10e3ff26d6a84ca7da973489f0ff23.jpg,640,640,iris,228,271,453,504
ongbll5_bmp.rf.d89e38c5f38d7cfe219ebb9e7b995c4a.jpg,640,640,iris,219,177,433,413
ongbll5_bmp.rf.d89e38c5f38d7cfe219ebb9e7b995c4a.jpg,640,640,pupille,272,201,374,333
tingcyr3_bmp.rf.dab449bdd7a12a46e9dadc0966081950.jpg,640,640,pupille,275,235,381,373
tingcyr3_bmp.rf.dab449bdd7a12a46e9dadc0966081950.jpg,640,640,iris,211,213,442,453
mazwanl1_bmp.rf.e0e88e67b84c66f2d2f578e4a93daf0d.jpg,640,640,iris,246,237,489,485
mazwanl1_bmp.rf.e0e88e67b84c66f2d2f578e4a93daf0d.jpg,640,640,pupille,309,271,415,406
chualsl5_bmp.rf.df54087c470cd0ede8bef06bc045750a.jpg,640,640,pupille,386,251,489,389
chualsl5_bmp.rf.df54087c470cd0ede8bef06bc045750a.jpg,640,640,iris,332,212,556,460
chongpkl1_bmp.rf.d532e3fb7c18afd70f79e9a62f5c9a7d.jpg,640,640,pupille,272,257,375,394
chongpkl1_bmp.rf.d532e3fb7c18afd70f79e9a62f5c9a7d.jpg,640,640,iris,205,177,451,485
norazal3_bmp.rf.d17c8d6ab5fb8b6f25a5d052d00edfac.jpg,640,640,iris,251,254,480,486
norazal3_bmp.rf.d17c8d6ab5fb8b6f25a5d052d00edfac.jpg,640,640,pupille,305,281,413,433
sitil1_bmp.rf.d550c6ed8343c303c347d7fe0e6b9231.jpg,640,640,iris,216,229,446,482
sitil1_bmp.rf.d550c6ed8343c303c347d7fe0e6b9231.jpg,640,640,pupille,273,262,385,408
kelvinr2_bmp.rf.e07839c4ded1acd312764814e7183f97.jpg,640,640,iris,239,240,479,502
kelvinr2_bmp.rf.e07839c4ded1acd312764814e7183f97.jpg,640,640,pupille,307,271,412,414
minglir1_bmp.rf.dcb8aa9072eca0fd73d00078492eb289.jpg,640,640,pupille,313,235,411,378
minglir1_bmp.rf.dcb8aa9072eca0fd73d00078492eb289.jpg,640,640,iris,249,213,474,447
ngkokwhyr2_bmp.rf.e643547c132a092a2d7424808b892489.jpg,640,640,iris,205,198,455,456
ngkokwhyr2_bmp.rf.e643547c132a092a2d7424808b892489.jpg,640,640,pupille,284,246,374,373
christiner2_bmp.rf.e8ee2e699497cd74e818a7183f33aba9.jpg,640,640,pupille,336,245,445,397
christiner2_bmp.rf.e8ee2e699497cd74e818a7183f33aba9.jpg,640,640,iris,271,215,500,456
ongblr2_bmp.rf.e36e52ff1b4f257b3e50de2d0041a7df.jpg,640,640,iris,149,166,374,403
ongblr2_bmp.rf.e36e52ff1b4f257b3e50de2d0041a7df.jpg,640,640,pupille,211,173,324,331
lokel3_bmp.rf.e948580b38af051faba5ac8f78cee876.jpg,640,640,iris,187,213,431,447
lokel3_bmp.rf.e948580b38af051faba5ac8f78cee876.jpg,640,640,pupille,256,249,358,386
salal5_bmp.rf.e76539b5e609a4ae96e10aa2a74142ad.jpg,640,640,iris,89,302,324,529
salal5_bmp.rf.e76539b5e609a4ae96e10aa2a74142ad.jpg,640,640,pupille,154,305,261,451
yannl4_bmp.rf.e4a7f58f4d7c53dccccf0f534d584256.jpg,640,640,pupille,267,275,374,413
yannl4_bmp.rf.e4a7f58f4d7c53dccccf0f534d584256.jpg,640,640,iris,209,190,445,494
winr3_bmp.rf.e7a882cbbfe3e946c4fc0b3fc92cebba.jpg,640,640,pupille,314,276,426,414
winr3_bmp.rf.e7a882cbbfe3e946c4fc0b3fc92cebba.jpg,640,640,iris,264,278,476,461
mahskl1_bmp.rf.e96f70862e2e99e5ac664e5694205983.jpg,640,640,iris,251,162,472,413
mahskl1_bmp.rf.e96f70862e2e99e5ac664e5694205983.jpg,640,640,pupille,305,185,412,336
sitir3_bmp.rf.e3c431e0aeed53dff624804fc4124282.jpg,640,640,pupille,304,215,402,344
sitir3_bmp.rf.e3c431e0aeed53dff624804fc4124282.jpg,640,640,iris,238,176,467,439
roslil2_bmp.rf.ec24a4b8fde3da61bd049bcacbed62bd.jpg,640,640,pupille,298,257,400,375
roslil2_bmp.rf.ec24a4b8fde3da61bd049bcacbed62bd.jpg,640,640,iris,238,248,475,453
mazwanr5_bmp.rf.f2e944e38c8d0a1c1d4d7a8728932040.jpg,640,640,pupille,235,285,352,445
mazwanr5_bmp.rf.f2e944e38c8d0a1c1d4d7a8728932040.jpg,640,640,iris,165,267,412,530
thomasl1_bmp.rf.f105df0d147272e175fdf768001d14e5.jpg,640,640,iris,221,140,468,409
thomasl1_bmp.rf.f105df0d147272e175fdf768001d14e5.jpg,640,640,pupille,278,173,399,333
yannl5_bmp.rf.f444d1c10b7bc4aed1a21e1774656107.jpg,640,640,iris,260,193,498,489
yannl5_bmp.rf.f444d1c10b7bc4aed1a21e1774656107.jpg,640,640,pupille,321,270,422,406
christinel4_bmp.rf.efe214d1144d3dd5045a814b7776d418.jpg,640,640,iris,234,257,456,486
christinel4_bmp.rf.efe214d1144d3dd5045a814b7776d418.jpg,640,640,pupille,293,284,392,422
ongbll2_bmp.rf.f30c0053793ef6e374eface9a97ca6ec.jpg,640,640,pupille,262,191,364,328
ongbll2_bmp.rf.f30c0053793ef6e374eface9a97ca6ec.jpg,640,640,iris,200,149,429,413
fionar5_bmp.rf.ee888255f807cefaa9595337cb092663.jpg,640,640,pupille,222,232,354,420
fionar5_bmp.rf.ee888255f807cefaa9595337cb092663.jpg,640,640,iris,167,185,406,482
chongpkl5_bmp.rf.f26cb52377cd2752a1a180c2eb225da8.jpg,640,640,pupille,301,278,413,416
chongpkl5_bmp.rf.f26cb52377cd2752a1a180c2eb225da8.jpg,640,640,iris,239,190,476,502
zulaikahr4_bmp.rf.ebfe47406ba68897c2a4d0aeac782ee3.jpg,640,640,iris,222,207,454,480
zulaikahr4_bmp.rf.ebfe47406ba68897c2a4d0aeac782ee3.jpg,640,640,pupille,279,245,401,409
lec_1_bmp.rf.f439c32af7add3d7ac4402d7f00170a5.jpg,640,640,iris,191,333,413,574
lec_1_bmp.rf.f439c32af7add3d7ac4402d7f00170a5.jpg,640,640,pupille,258,381,348,504
vimalar3_bmp.rf.c5b0744483fc6b23f80cec8631cb1fa1.jpg,640,640,pupille,229,315,331,439
vimalar3_bmp.rf.c5b0744483fc6b23f80cec8631cb1fa1.jpg,640,640,iris,148,246,415,557
eugenehol1_bmp.rf.f57efbe2ca72e3ca3818a1ef82fac185.jpg,640,640,iris,221,182,461,463
eugenehol1_bmp.rf.f57efbe2ca72e3ca3818a1ef82fac185.jpg,640,640,pupille,301,248,393,365
bryanl4_bmp.rf.f581714448f6fe8d093ae239d128ae23.jpg,640,640,pupille,224,198,307,303
bryanl4_bmp.rf.f581714448f6fe8d093ae239d128ae23.jpg,640,640,iris,153,104,394,409
lpjr5_bmp.rf.f45025f7fc1808e603286709f88cc771.jpg,640,640,pupille,304,284,395,403
lpjr5_bmp.rf.f45025f7fc1808e603286709f88cc771.jpg,640,640,iris,234,223,461,477
tonghlr4_bmp.rf.f4c7fc563b42e391ab1eafe0182a0587.jpg,640,640,iris,193,157,431,422
tonghlr4_bmp.rf.f4c7fc563b42e391ab1eafe0182a0587.jpg,640,640,pupille,273,205,367,333
ngkokwhyr1_bmp.rf.fcecf515a0b932097b84130a81f74013.jpg,640,640,pupille,265,278,364,414
ngkokwhyr1_bmp.rf.fcecf515a0b932097b84130a81f74013.jpg,640,640,iris,187,221,431,489
maranl4_bmp.rf.fa9bc80ff3fb5e29d9d628428fee9f92.jpg,640,640,pupille,269,311,376,449
maranl4_bmp.rf.fa9bc80ff3fb5e29d9d628428fee9f92.jpg,640,640,iris,213,273,436,513
nklr5_bmp.rf.fa9a0ecee80592ab46255db10e536e42.jpg,640,640,pupille,324,254,453,417
nklr5_bmp.rf.fa9a0ecee80592ab46255db10e536e42.jpg,640,640,iris,273,245,511,478
weecmr5_bmp.rf.ef811cf48b414f5d41a819dbfd1da632.jpg,640,640,pupille,282,245,385,380
weecmr5_bmp.rf.ef811cf48b414f5d41a819dbfd1da632.jpg,640,640,iris,215,205,451,471
masr1_bmp.rf.ea7f1cfbafb4669eac836f11abee650c.jpg,640,640,pupille,272,284,380,427
masr1_bmp.rf.ea7f1cfbafb4669eac836f11abee650c.jpg,640,640,iris,213,265,427,499
loker5_bmp.rf.f3106169acf25c222a5d51aec4f281ba.jpg,640,640,pupille,211,227,302,348
loker5_bmp.rf.f3106169acf25c222a5d51aec4f281ba.jpg,640,640,iris,125,221,378,419
nkll1_bmp.rf.f8ede061edf3c305d588bed84966bd0d.jpg,640,640,iris,200,144,452,386
nkll1_bmp.rf.f8ede061edf3c305d588bed84966bd0d.jpg,640,640,pupille,249,147,398,337
vimalal1_bmp.rf.fd37a8fb9dd7ad0ea5b3e54c78cc120b.jpg,640,640,iris,251,205,499,497
vimalal1_bmp.rf.fd37a8fb9dd7ad0ea5b3e54c78cc120b.jpg,640,640,pupille,322,262,420,391
weecml5_bmp.rf.ffdc23fc2eb5dccf578945312b4d4f57.jpg,640,640,iris,215,221,461,474
weecml5_bmp.rf.ffdc23fc2eb5dccf578945312b4d4f57.jpg,640,640,pupille,275,235,382,380
norsuhaidahl1_bmp.rf.fffd567ad46784daa6dc1bb11398bed1.jpg,640,640,iris,219,226,444,463
norsuhaidahl1_bmp.rf.fffd567ad46784daa6dc1bb11398bed1.jpg,640,640,pupille,269,248,376,394
ongbll3_bmp.rf.faf736f859a7f9f842273c9e5bdae9d4.jpg,640,640,iris,233,152,438,383
ongbll3_bmp.rf.faf736f859a7f9f842273c9e5bdae9d4.jpg,640,640,pupille,282,180,373,296
chingycl3_bmp.rf.ddc26be44fd3f534e5c09abe5bbfb8b1.jpg,640,640,iris,236,213,461,475
chingycl3_bmp.rf.ddc26be44fd3f534e5c09abe5bbfb8b1.jpg,640,640,pupille,296,260,393,395
pcll2_bmp.rf.fef78de6c0b1ebc6f743d1fca3e09ac5.jpg,640,640,pupille,276,243,373,362
pcll2_bmp.rf.fef78de6c0b1ebc6f743d1fca3e09ac5.jpg,640,640,iris,205,160,454,463
weecmr4_bmp.rf.e6214aac33ae3eab80955f2cb28a9e85.jpg,640,640,iris,205,193,434,442
weecmr4_bmp.rf.e6214aac33ae3eab80955f2cb28a9e85.jpg,640,640,pupille,268,224,366,361
lowyfr4_bmp.rf.0815887be861a08f0b85d586c0f39448.jpg,640,640,iris,201,216,416,441
lowyfr4_bmp.rf.0815887be861a08f0b85d586c0f39448.jpg,640,640,pupille,254,235,366,378
liujwl3_bmp.rf.09ff9de314ad1622c2ce4f7e4d372cd9.jpg,640,640,iris,200,188,429,450
liujwl3_bmp.rf.09ff9de314ad1622c2ce4f7e4d372cd9.jpg,640,640,pupille,265,232,359,365
tanwnr2_bmp.rf.052e613fd94fbaeb40360c6e95fff22e.jpg,640,640,iris,114,140,366,403
tanwnr2_bmp.rf.052e613fd94fbaeb40360c6e95fff22e.jpg,640,640,pupille,185,162,300,315
norsuhaidahl3_bmp.rf.0d84783e5e9195977112b5482e7a8df0.jpg,640,640,iris,218,254,432,504
norsuhaidahl3_bmp.rf.0d84783e5e9195977112b5482e7a8df0.jpg,640,640,pupille,272,290,373,425
norsuhaidahl4_bmp.rf.0daf8381449f20ec386a238064669930.jpg,640,640,pupille,296,248,398,376
norsuhaidahl4_bmp.rf.0daf8381449f20ec386a238064669930.jpg,640,640,iris,239,205,464,460
tickl4_bmp.rf.1281ccbf882d7b8c93df23b2da96d141.jpg,640,640,pupille,307,246,416,389
tickl4_bmp.rf.1281ccbf882d7b8c93df23b2da96d141.jpg,640,640,iris,247,173,484,458
pclr1_bmp.rf.0f77e767d7abd3fb12ea882bf5395f91.jpg,640,640,pupille,300,292,392,419
pclr1_bmp.rf.0f77e767d7abd3fb12ea882bf5395f91.jpg,640,640,iris,218,216,460,505
zaridahl2_bmp.rf.0bb4af6c8bd2da6b328dc011dbcd8d71.jpg,640,640,pupille,296,260,378,378
zaridahl2_bmp.rf.0bb4af6c8bd2da6b328dc011dbcd8d71.jpg,640,640,iris,232,190,446,455
tanwnl3_bmp.rf.149e91b8ffb196ecae435329dc25ec28.jpg,640,640,iris,161,129,385,320
tanwnl3_bmp.rf.149e91b8ffb196ecae435329dc25ec28.jpg,640,640,pupille,218,133,321,257
pclr2_bmp.rf.15d11361148dcfcfb421e05a53e89e6c.jpg,640,640,iris,187,248,427,522
pclr2_bmp.rf.15d11361148dcfcfb421e05a53e89e6c.jpg,640,640,pupille,267,307,354,427
zaridahl5_bmp.rf.16386193f173895cba7fcb5347d05511.jpg,640,640,iris,184,169,401,449
zaridahl5_bmp.rf.16386193f173895cba7fcb5347d05511.jpg,640,640,pupille,245,242,336,365
salar4_bmp.rf.14d34bfdaa44c6fc513c88b983f9d862.jpg,640,640,iris,252,245,486,466
salar4_bmp.rf.14d34bfdaa44c6fc513c88b983f9d862.jpg,640,640,pupille,316,251,428,392
aeval4_bmp.rf.19fa086d49f1380d44b86607fb15a4f1.jpg,640,640,pupille,231,285,335,419
aeval4_bmp.rf.19fa086d49f1380d44b86607fb15a4f1.jpg,640,640,iris,156,210,406,511
vimalar2_bmp.rf.0df3cb18e1060ce51cef9f7898151ac5.jpg,640,640,iris,193,216,462,525
vimalar2_bmp.rf.0df3cb18e1060ce51cef9f7898151ac5.jpg,640,640,pupille,273,278,378,411
norsuhaidahr5_bmp.rf.18f24e71ba7e016ee33db7166942b379.jpg,640,640,pupille,273,298,380,433
norsuhaidahr5_bmp.rf.18f24e71ba7e016ee33db7166942b379.jpg,640,640,iris,219,265,429,507
salal2_bmp.rf.0f3c7cdce026ba92b0bd70e4c9eed925.jpg,640,640,pupille,204,306,318,455
salal2_bmp.rf.0f3c7cdce026ba92b0bd70e4c9eed925.jpg,640,640,iris,144,287,376,524
weecmr1_bmp.rf.1e03f30467ceeb2893ea4ba75f817b1e.jpg,640,640,pupille,295,245,392,372
weecmr1_bmp.rf.1e03f30467ceeb2893ea4ba75f817b1e.jpg,640,640,iris,228,177,451,438
sarinal5_bmp.rf.0facf89c75faa0f653658e7740745f1b.jpg,640,640,iris,178,254,421,515
sarinal5_bmp.rf.0facf89c75faa0f653658e7740745f1b.jpg,640,640,iris,228,287,362,467
tonghll3_bmp.rf.0ad95f289bce9a8b2e8c0467e1456e91.jpg,640,640,iris,199,237,425,483
tonghll3_bmp.rf.0ad95f289bce9a8b2e8c0467e1456e91.jpg,640,640,pupille,267,281,355,395
weecml2_bmp.rf.165d63db8306ecc84e797b8576b67e63.jpg,640,640,pupille,249,240,367,394
weecml2_bmp.rf.165d63db8306ecc84e797b8576b67e63.jpg,640,640,iris,186,202,451,485
maranr2_bmp.rf.15829831820855fed62bf5b0f399556c.jpg,640,640,iris,161,249,401,489
maranr2_bmp.rf.15829831820855fed62bf5b0f399556c.jpg,640,640,pupille,222,265,347,424
philipr1_bmp.rf.14f9fabfb91ad537e4fc2cc4b5d05952.jpg,640,640,pupille,241,315,354,464
philipr1_bmp.rf.14f9fabfb91ad537e4fc2cc4b5d05952.jpg,640,640,iris,175,271,415,488
lokel5_bmp.rf.1ba5585ba5c0a19e29c859cd487e315d.jpg,640,640,iris,196,210,439,420
lokel5_bmp.rf.1ba5585ba5c0a19e29c859cd487e315d.jpg,640,640,pupille,268,238,358,359
kelvinr3_bmp.rf.1f5603ac509aa96cf85f4b7c378615f1.jpg,640,640,pupille,266,282,365,414
kelvinr3_bmp.rf.1f5603ac509aa96cf85f4b7c378615f1.jpg,640,640,iris,188,232,428,505
loker2_bmp.rf.1afe7d3a3f51a6adf948dbf521299f4e.jpg,640,640,iris,239,193,449,389
loker2_bmp.rf.1afe7d3a3f51a6adf948dbf521299f4e.jpg,640,640,pupille,304,199,391,315
ngkokwhyl3_bmp.rf.1b2e8facb15d7e9fe9060e99dadcfab0.jpg,640,640,iris,226,191,462,455
ngkokwhyl3_bmp.rf.1b2e8facb15d7e9fe9060e99dadcfab0.jpg,640,640,pupille,294,251,389,378
mimir2_bmp.rf.1f7bd5c57ca6a64015d7b28f5c0c2b6d.jpg,640,640,iris,240,224,478,472
mimir2_bmp.rf.1f7bd5c57ca6a64015d7b28f5c0c2b6d.jpg,640,640,pupille,325,285,402,395
salar2_bmp.rf.1dbe540d4bea310b07327822d858de68.jpg,640,640,iris,180,275,414,511
salar2_bmp.rf.1dbe540d4bea310b07327822d858de68.jpg,640,640,pupille,241,278,358,424
masr2_bmp.rf.2040fbad919e2512f4b0815c8e09e28a.jpg,640,640,iris,256,300,474,541
masr2_bmp.rf.2040fbad919e2512f4b0815c8e09e28a.jpg,640,640,pupille,314,318,431,471
ngkokwhyr3_bmp.rf.1ab149addd438d74559c1475e9920a86.jpg,640,640,pupille,287,265,374,394
ngkokwhyr3_bmp.rf.1ab149addd438d74559c1475e9920a86.jpg,640,640,iris,216,220,446,477
lowyfl2_bmp.rf.074a252f1d7272681baddc3b1691d8bf.jpg,640,640,pupille,188,262,308,411
lowyfl2_bmp.rf.074a252f1d7272681baddc3b1691d8bf.jpg,640,640,iris,134,246,354,460
zulaikahr1_bmp.rf.20fa342a3c987152abbe9a6089facdef.jpg,640,640,pupille,286,251,408,409
zulaikahr1_bmp.rf.20fa342a3c987152abbe9a6089facdef.jpg,640,640,iris,221,202,465,480
minglir4_bmp.rf.154b36d21aad305107b0bfdf0c41f382.jpg,640,640,iris,235,210,466,441
minglir4_bmp.rf.154b36d21aad305107b0bfdf0c41f382.jpg,640,640,pupille,305,235,401,370
maranr4_bmp.rf.20024803698b2ae14a7445218dc51720.jpg,640,640,iris,198,240,425,467
maranr4_bmp.rf.20024803698b2ae14a7445218dc51720.jpg,640,640,pupille,246,253,381,427
fatmar2_bmp.rf.1eeb47858a0f70c5a7623fe555e8d3bc.jpg,640,640,iris,180,270,407,513
fatmar2_bmp.rf.1eeb47858a0f70c5a7623fe555e8d3bc.jpg,640,640,pupille,244,300,346,435
kelvinl2_bmp.rf.20e51893c755579f518fd2701aab32b8.jpg,640,640,pupille,260,301,353,430
kelvinl2_bmp.rf.20e51893c755579f518fd2701aab32b8.jpg,640,640,iris,198,248,422,510
liujwr2_bmp.rf.1a18472f936c708d7bdd66729e1deafb.jpg,640,640,iris,180,187,416,477
liujwr2_bmp.rf.1a18472f936c708d7bdd66729e1deafb.jpg,640,640,pupille,251,246,351,386
maranl5_bmp.rf.21bca21fdb686b6865a6dc4f365bf99c.jpg,640,640,iris,226,256,445,500
maranl5_bmp.rf.21bca21fdb686b6865a6dc4f365bf99c.jpg,640,640,pupille,275,287,393,441
vimalal3_bmp.rf.2517f0b7f3a81a77e5fff88dd9406d87.jpg,640,640,iris,201,262,464,558
vimalal3_bmp.rf.2517f0b7f3a81a77e5fff88dd9406d87.jpg,640,640,pupille,275,317,378,452
chongpkl4_bmp.rf.2113bbaf2f2098195e7d03c3a53c2ad3.jpg,640,640,iris,192,179,452,508
chongpkl4_bmp.rf.2113bbaf2f2098195e7d03c3a53c2ad3.jpg,640,640,pupille,266,257,380,414
tickl1_bmp.rf.2afad33306c3796a58c97f0dbed28ded.jpg,640,640,iris,227,147,468,436
tickl1_bmp.rf.2afad33306c3796a58c97f0dbed28ded.jpg,640,640,pupille,292,216,402,370
masl3_bmp.rf.263789df9017f2c768dd3009193fb751.jpg,640,640,iris,305,298,515,510
masl3_bmp.rf.263789df9017f2c768dd3009193fb751.jpg,640,640,pupille,341,303,464,458
tickl3_bmp.rf.25597fc692d52cd3947137edf343aa13.jpg,640,640,iris,222,182,454,456
tickl3_bmp.rf.25597fc692d52cd3947137edf343aa13.jpg,640,640,pupille,279,243,395,394
liujwl1_bmp.rf.26ca0fb7a0801631dc419acebc9949e5.jpg,640,640,iris,232,176,458,444
liujwl1_bmp.rf.26ca0fb7a0801631dc419acebc9949e5.jpg,640,640,pupille,294,238,387,373
chualsr1_bmp.rf.2ab0c9537b93a23dd31b81ad4ff19872.jpg,640,640,iris,205,201,432,460
chualsr1_bmp.rf.2ab0c9537b93a23dd31b81ad4ff19872.jpg,640,640,pupille,268,242,381,398
chongpkr2_bmp.rf.2653e4ba969506939903924028125d75.jpg,640,640,pupille,315,264,411,386
chongpkr2_bmp.rf.2653e4ba969506939903924028125d75.jpg,640,640,iris,242,182,476,472
zulaikahr2_bmp.rf.2ff8fe37ffdc323bfe79fe1890ddb0b9.jpg,640,640,iris,209,180,438,449
zulaikahr2_bmp.rf.2ff8fe37ffdc323bfe79fe1890ddb0b9.jpg,640,640,pupille,269,216,381,373
lowyfr3_bmp.rf.2b4f7e8e6edbdc8378a2c42c05c61fe1.jpg,640,640,pupille,315,231,424,378
lowyfr3_bmp.rf.2b4f7e8e6edbdc8378a2c42c05c61fe1.jpg,640,640,iris,258,215,480,430
lecr2_bmp.rf.247f4173ec2f68df215040c7a250bcd0.jpg,640,640,iris,299,220,515,438
lecr2_bmp.rf.247f4173ec2f68df215040c7a250bcd0.jpg,640,640,pupille,358,242,451,367
zaridahl1_bmp.rf.2b5e62e3c2c00f21f6295c141deeac7b.jpg,640,640,iris,212,173,459,471
zaridahl1_bmp.rf.2b5e62e3c2c00f21f6295c141deeac7b.jpg,640,640,pupille,288,260,374,373
chualsl4_bmp.rf.2cf3f733fefc5bb8e9c35805a9b3b5cc.jpg,640,640,iris,196,195,426,441
chualsl4_bmp.rf.2cf3f733fefc5bb8e9c35805a9b3b5cc.jpg,640,640,pupille,256,216,360,370
weecmr3_bmp.rf.32d7ab730cfae19a3f64f7a1e6817454.jpg,640,640,pupille,299,227,400,362
weecmr3_bmp.rf.32d7ab730cfae19a3f64f7a1e6817454.jpg,640,640,iris,235,191,464,439
pcll4_bmp.rf.2dcff93942ea5f433bef93591daaf30c.jpg,640,640,pupille,259,227,348,339
pcll4_bmp.rf.2dcff93942ea5f433bef93591daaf30c.jpg,640,640,iris,194,166,425,431
winr4_bmp.rf.2bbcf0d99a270947bcc7f2dc01da302b.jpg,640,640,iris,152,317,382,507
winr4_bmp.rf.2bbcf0d99a270947bcc7f2dc01da302b.jpg,640,640,pupille,209,315,321,447
nklr3_bmp.rf.2b37c7c1a28011c7e4741c6cbbbd2a56.jpg,640,640,pupille,322,180,444,340
nklr3_bmp.rf.2b37c7c1a28011c7e4741c6cbbbd2a56.jpg,640,640,iris,262,168,507,409
ngkokwhyr5_bmp.rf.2b72a1be745b4af9e1bdbd6337032401.jpg,640,640,pupille,262,229,352,351
ngkokwhyr5_bmp.rf.2b72a1be745b4af9e1bdbd6337032401.jpg,640,640,iris,182,180,427,445
salal4_bmp.rf.328bf81a6b9bf758820e5a1de46488c5.jpg,640,640,pupille,161,323,262,452
salal4_bmp.rf.328bf81a6b9bf758820e5a1de46488c5.jpg,640,640,iris,98,307,333,538
kelvinl5_bmp.rf.331aca693caf539c2d1cde8c379db29a.jpg,640,640,iris,165,240,420,540
kelvinl5_bmp.rf.331aca693caf539c2d1cde8c379db29a.jpg,640,640,pupille,226,295,345,456
mimil4_bmp.rf.3546051764a76194a77e6136b5bfdfbb.jpg,640,640,pupille,280,276,365,394
mimil4_bmp.rf.3546051764a76194a77e6136b5bfdfbb.jpg,640,640,iris,212,227,440,449
tonghlr1_bmp.rf.24274a3c9e9bc57cf9fc9918f16f0301.jpg,640,640,pupille,313,184,414,312
tonghlr1_bmp.rf.24274a3c9e9bc57cf9fc9918f16f0301.jpg,640,640,iris,261,176,460,375
ngkokwhyr4_bmp.rf.343b48219538345c14d450e68dccc057.jpg,640,640,iris,204,223,432,453
ngkokwhyr4_bmp.rf.343b48219538345c14d450e68dccc057.jpg,640,640,pupille,276,254,364,380
mahskr1_bmp.rf.38d8b0df9abe2b55e548f269f90daa0a.jpg,640,640,pupille,246,249,360,400
mahskr1_bmp.rf.38d8b0df9abe2b55e548f269f90daa0a.jpg,640,640,iris,179,224,411,472
minglil1_bmp.rf.344e6c6a306cafa80a7d75c68f52259a.jpg,640,640,iris,227,232,445,460
minglil1_bmp.rf.344e6c6a306cafa80a7d75c68f52259a.jpg,640,640,pupille,282,245,391,391
sarinal3_bmp.rf.36c693bda7af47006dec9da911f7a503.jpg,640,640,iris,186,231,415,466
sarinal3_bmp.rf.36c693bda7af47006dec9da911f7a503.jpg,640,640,pupille,235,265,365,428
nkll3_bmp.rf.32d7b9df49d55dbc280419525961eaf2.jpg,640,640,iris,268,190,509,419
nkll3_bmp.rf.32d7b9df49d55dbc280419525961eaf2.jpg,640,640,pupille,321,191,458,361
sarinal4_bmp.rf.37a6f28e6461182291c0987c4b73309e.jpg,640,640,pupille,285,253,411,416
sarinal4_bmp.rf.37a6f28e6461182291c0987c4b73309e.jpg,640,640,iris,233,223,472,466
sarinar1_bmp.rf.35d8c0efb42b226f5d23e5c595a29e10.jpg,640,640,pupille,322,251,454,430
sarinar1_bmp.rf.35d8c0efb42b226f5d23e5c595a29e10.jpg,640,640,iris,264,216,507,482
lpjl4_bmp.rf.31c08d7e5be077b99c6749ddcf82bd25.jpg,640,640,pupille,301,271,388,381
lpjl4_bmp.rf.31c08d7e5be077b99c6749ddcf82bd25.jpg,640,640,iris,239,202,454,445
bryanl5_bmp.rf.31800fff04a7b4a8a091d842ff61b233.jpg,640,640,iris,231,143,449,431
bryanl5_bmp.rf.31800fff04a7b4a8a091d842ff61b233.jpg,640,640,pupille,291,223,380,340
tanwnl2_bmp.rf.24466964c18d4b072c0385afaee4a0c0.jpg,640,640,pupille,264,179,371,293
tanwnl2_bmp.rf.24466964c18d4b072c0385afaee4a0c0.jpg,640,640,iris,219,173,431,358
sitir5_bmp.rf.3bd675d1c7c9e6454e1d1f02823af491.jpg,640,640,pupille,311,215,413,337
sitir5_bmp.rf.3bd675d1c7c9e6454e1d1f02823af491.jpg,640,640,iris,251,179,472,416
mazwanr3_bmp.rf.3615cf5122125acc1c5a8235e9f9f629.jpg,640,640,pupille,259,265,375,417
mazwanr3_bmp.rf.3615cf5122125acc1c5a8235e9f9f629.jpg,640,640,iris,188,242,433,497
lpjr4_bmp.rf.3a58f96bba46fa05f3a9297c10444984.jpg,640,640,iris,221,227,453,494
lpjr4_bmp.rf.3a58f96bba46fa05f3a9297c10444984.jpg,640,640,pupille,295,290,394,414
suzailir4_bmp.rf.37eea5921a648e683c66b0fe0c52f769.jpg,640,640,iris,184,265,409,489
suzailir4_bmp.rf.37eea5921a648e683c66b0fe0c52f769.jpg,640,640,iris,261,300,342,397
fional1_bmp.rf.3e32b7d5943f2cde3e221363714b2b1d.jpg,640,640,iris,309,210,545,463
fional1_bmp.rf.3e32b7d5943f2cde3e221363714b2b1d.jpg,640,640,pupille,366,246,485,411
minglir5_bmp.rf.3d3e6aa6d955adcf7df6a6b4fd653aa9.jpg,640,640,pupille,342,231,435,361
minglir5_bmp.rf.3d3e6aa6d955adcf7df6a6b4fd653aa9.jpg,640,640,iris,274,210,496,431
roslil4_bmp.rf.412078d745d4b083cfc7ccb1893bbce5.jpg,640,640,pupille,304,238,393,358
roslil4_bmp.rf.412078d745d4b083cfc7ccb1893bbce5.jpg,640,640,iris,240,235,468,435
weecml1_bmp.rf.3e3ba61762e1a5470ee36a9262146877.jpg,640,640,iris,196,218,409,452
weecml1_bmp.rf.3e3ba61762e1a5470ee36a9262146877.jpg,640,640,pupille,259,271,333,369
liujwr3_bmp.rf.408124f25265d7c56b7fa3d1fff089e8.jpg,640,640,pupille,255,257,353,381
liujwr3_bmp.rf.408124f25265d7c56b7fa3d1fff089e8.jpg,640,640,iris,185,171,427,463
sitir2_bmp.rf.3b2b7f2fa624e36632e82a73d99f8c6c.jpg,640,640,iris,221,234,461,460
sitir2_bmp.rf.3b2b7f2fa624e36632e82a73d99f8c6c.jpg,640,640,pupille,298,251,395,370
fional5_bmp.rf.374abaa01680357b37e4185707931185.jpg,640,640,iris,236,193,467,463
fional5_bmp.rf.374abaa01680357b37e4185707931185.jpg,640,640,pupille,299,257,405,389
yannl2_bmp.rf.38de3a3873e552657d559bae855fda18.jpg,640,640,pupille,234,282,340,420
yannl2_bmp.rf.38de3a3873e552657d559bae855fda18.jpg,640,640,iris,172,204,421,511
mazwanr1_bmp.rf.3cdaa5e7b1745761faf76bdac33b3308.jpg,640,640,pupille,260,271,367,411
mazwanr1_bmp.rf.3cdaa5e7b1745761faf76bdac33b3308.jpg,640,640,iris,187,251,424,502
lokel1_bmp.rf.361cdd4b09f23f5fcbadba2318c6cdee.jpg,640,640,iris,162,267,385,499
lokel1_bmp.rf.361cdd4b09f23f5fcbadba2318c6cdee.jpg,640,640,pupille,232,315,305,420
tickr4_bmp.rf.40e3350240abe80c5ac22b86190a24a6.jpg,640,640,iris,220,184,451,427
tickr4_bmp.rf.40e3350240abe80c5ac22b86190a24a6.jpg,640,640,pupille,282,242,398,394
fatmal5_bmp.rf.40f9aa406f0e3c5d3c9f18898936a4b8.jpg,640,640,iris,247,253,466,497
fatmal5_bmp.rf.40f9aa406f0e3c5d3c9f18898936a4b8.jpg,640,640,pupille,295,293,411,435
lpjl5_bmp.rf.4209a2817718718b488c67671e0184d1.jpg,640,640,iris,218,246,439,489
lpjl5_bmp.rf.4209a2817718718b488c67671e0184d1.jpg,640,640,pupille,278,300,367,425
masr4_bmp.rf.42abbd1011e1f5899ab415b2a9c994f3.jpg,640,640,iris,249,320,467,536
masr4_bmp.rf.42abbd1011e1f5899ab415b2a9c994f3.jpg,640,640,pupille,311,333,420,471
nklr1_bmp.rf.46d7023c6c960c947b3fcf21384a934b.jpg,640,640,pupille,266,162,398,334
nklr1_bmp.rf.46d7023c6c960c947b3fcf21384a934b.jpg,640,640,iris,213,146,456,391
lokel2_bmp.rf.364d1786e610d2da2bb917aaf9c1cddd.jpg,640,640,pupille,239,265,325,378
lokel2_bmp.rf.364d1786e610d2da2bb917aaf9c1cddd.jpg,640,640,iris,161,207,409,464
eugenehor5_bmp.rf.4452314d881a0b1dd9a34d4aa1d9a3db.jpg,640,640,iris,211,267,445,497
eugenehor5_bmp.rf.4452314d881a0b1dd9a34d4aa1d9a3db.jpg,640,640,pupille,276,289,364,405
suzailir2_bmp.rf.487da053c57ed475698f95533addce73.jpg,640,640,iris,182,304,414,546
suzailir2_bmp.rf.487da053c57ed475698f95533addce73.jpg,640,640,pupille,256,348,342,455
loker3_bmp.rf.43d2e33e097160a12aee358f12d6ec65.jpg,640,640,pupille,333,245,412,359
loker3_bmp.rf.43d2e33e097160a12aee358f12d6ec65.jpg,640,640,iris,264,243,478,442
sitir4_bmp.rf.4366276fd19b62243027573dccdf34d2.jpg,640,640,iris,165,251,401,499
sitir4_bmp.rf.4366276fd19b62243027573dccdf34d2.jpg,640,640,pupille,233,264,340,414
mimil3_bmp.rf.3c289f9990bf550962fa706e924c4c8b.jpg,640,640,iris,242,209,468,449
mimil3_bmp.rf.3c289f9990bf550962fa706e924c4c8b.jpg,640,640,pupille,311,285,389,391
fatmal1_bmp.rf.44dc718a5b3c2bfdecc816bb75336ace.jpg,640,640,iris,176,309,399,557
fatmal1_bmp.rf.44dc718a5b3c2bfdecc816bb75336ace.jpg,640,640,pupille,228,355,338,489
hockl1_bmp.rf.43ed60fe86f12636881b70fd310a06ff.jpg,640,640,iris,231,224,454,466
hockl1_bmp.rf.43ed60fe86f12636881b70fd310a06ff.jpg,640,640,pupille,285,259,382,387
salar1_bmp.rf.478d9230dd3e79b568e9ee657700d800.jpg,640,640,pupille,181,254,413,475
norazal2_bmp.rf.4f4444bc4b679c3539710a3b8c2ea9c4.jpg,640,640,pupille,268,268,379,419
norazal2_bmp.rf.4f4444bc4b679c3539710a3b8c2ea9c4.jpg,640,640,iris,218,237,441,475
christiner3_bmp.rf.4d6fbd5a3bd2dd54f4a0995c6e1fe4b5.jpg,640,640,iris,249,198,485,419
christiner3_bmp.rf.4d6fbd5a3bd2dd54f4a0995c6e1fe4b5.jpg,640,640,pupille,316,210,427,375
roslir4_bmp.rf.4b0587eb2b12b30003449c6857142a0c.jpg,640,640,iris,244,223,481,436
roslir4_bmp.rf.4b0587eb2b12b30003449c6857142a0c.jpg,640,640,pupille,308,227,419,362
thomasl4_bmp.rf.4b0b736da8f10ddb203bc2c22b0792fb.jpg,640,640,pupille,322,285,421,419
thomasl4_bmp.rf.4b0b736da8f10ddb203bc2c22b0792fb.jpg,640,640,iris,255,249,495,515
yannr2_bmp.rf.5468d1cb20bd43a6f39b3c4e7b798a6f.jpg,640,640,iris,204,246,440,544
yannr2_bmp.rf.5468d1cb20bd43a6f39b3c4e7b798a6f.jpg,640,640,pupille,262,317,379,464
mazwanl2_bmp.rf.55edace275514cb6f4359f4296c36357.jpg,640,640,pupille,269,251,380,391
mazwanl2_bmp.rf.55edace275514cb6f4359f4296c36357.jpg,640,640,iris,212,220,446,464
suzailil5_bmp.rf.5c0b9c3b6a567e0c3db90ed55887c343.jpg,640,640,iris,247,235,465,500
suzailil5_bmp.rf.5c0b9c3b6a567e0c3db90ed55887c343.jpg,640,640,pupille,318,303,392,411
mimir4_bmp.rf.587856c337d18bf34c8e0c477d5cdde7.jpg,640,640,iris,235,242,486,505
mimir4_bmp.rf.587856c337d18bf34c8e0c477d5cdde7.jpg,640,640,pupille,324,312,408,428
yannl3_bmp.rf.503c996a45d68ba0db9198f44c787d06.jpg,640,640,iris,212,169,446,463
yannl3_bmp.rf.503c996a45d68ba0db9198f44c787d06.jpg,640,640,pupille,269,248,375,381
minglil3_bmp.rf.4c84eee7d7619041d054c73243738168.jpg,640,640,iris,266,202,492,430
minglil3_bmp.rf.4c84eee7d7619041d054c73243738168.jpg,640,640,pupille,331,220,429,361
aeval1_bmp.rf.5713f74099a031c4bb3c7ec9d9c1045e.jpg,640,640,iris,199,187,432,471
aeval1_bmp.rf.5713f74099a031c4bb3c7ec9d9c1045e.jpg,640,640,pupille,266,254,360,387
pcll5_bmp.rf.565f9da9b9fcfbbcf32f15a0a2ecea4f.jpg,640,640,iris,228,213,474,497
pcll5_bmp.rf.565f9da9b9fcfbbcf32f15a0a2ecea4f.jpg,640,640,pupille,300,275,386,386
zulaikahl2_bmp.rf.49c2474ca5a76d9a6accaa44a57b65fe.jpg,640,640,pupille,291,284,401,428
zulaikahl2_bmp.rf.49c2474ca5a76d9a6accaa44a57b65fe.jpg,640,640,iris,231,220,473,516
christinel3_bmp.rf.4d2f6a2b051b1c7416e3d49e26c21978.jpg,640,640,pupille,292,216,411,376
christinel3_bmp.rf.4d2f6a2b051b1c7416e3d49e26c21978.jpg,640,640,iris,236,193,466,425
philipr5_bmp.rf.4dc39bfd1cc62eb05b9619816e0fa7b3.jpg,640,640,pupille,228,218,339,361
philipr5_bmp.rf.4dc39bfd1cc62eb05b9619816e0fa7b3.jpg,640,640,iris,160,132,407,435
ngkokwhyl2_bmp.rf.5c487619139ac0cd806bf76df97c4cea.jpg,640,640,pupille,275,256,376,392
ngkokwhyl2_bmp.rf.5c487619139ac0cd806bf76df97c4cea.jpg,640,640,iris,216,198,442,450
bryanl1_bmp.rf.4d9ba40314209ed4bfc4c87055d0be80.jpg,640,640,iris,189,187,416,463
bryanl1_bmp.rf.4d9ba40314209ed4bfc4c87055d0be80.jpg,640,640,pupille,246,262,344,402
chongpkr4_bmp.rf.5c4c762f8d82a16522433ddc9c4b891b.jpg,640,640,pupille,259,237,387,398
chongpkr4_bmp.rf.5c4c762f8d82a16522433ddc9c4b891b.jpg,640,640,iris,201,169,434,469
eugenehor1_bmp.rf.57e91841d514700f5a46dc9794e50cbf.jpg,640,640,iris,205,256,438,480
eugenehor1_bmp.rf.57e91841d514700f5a46dc9794e50cbf.jpg,640,640,pupille,273,270,362,389
norsuhaidahr3_bmp.rf.4b9ca0f522512faa3e5ff76b7e635244.jpg,640,640,pupille,309,273,421,411
norsuhaidahr3_bmp.rf.4b9ca0f522512faa3e5ff76b7e635244.jpg,640,640,iris,249,227,480,478
pclr5_bmp.rf.5c4fece0564e9daca8e15bdbbd8be92d.jpg,640,640,pupille,275,293,374,427
pclr5_bmp.rf.5c4fece0564e9daca8e15bdbbd8be92d.jpg,640,640,iris,200,237,441,507
hockl2_bmp.rf.56fdd910f6f0fcef41142f78703da3ce.jpg,640,640,pupille,298,213,395,342
hockl2_bmp.rf.56fdd910f6f0fcef41142f78703da3ce.jpg,640,640,iris,234,166,471,425
maranr3_bmp.rf.4b6a21778585ad998e60ec02b4f594f9.jpg,640,640,pupille,265,314,387,467
maranr3_bmp.rf.4b6a21778585ad998e60ec02b4f594f9.jpg,640,640,iris,199,287,438,540
nklr4_bmp.rf.5d4bc7bd08463ac056864067fdd87529.jpg,640,640,iris,288,184,522,411
nklr4_bmp.rf.5d4bc7bd08463ac056864067fdd87529.jpg,640,640,iris,342,187,465,355
loker1_bmp.rf.60de1d10a9091a2289a5b83855640372.jpg,640,640,pupille,311,229,399,351
loker1_bmp.rf.60de1d10a9091a2289a5b83855640372.jpg,640,640,iris,220,205,466,447
chualsl2_bmp.rf.5608640337ccf4d232a793fe1625565a.jpg,640,640,iris,195,149,436,419
chualsl2_bmp.rf.5608640337ccf4d232a793fe1625565a.jpg,640,640,pupille,256,184,364,337
ongblr1_bmp.rf.5cd405c6b9e9f0efbe9acfa2bd27f3af.jpg,640,640,pupille,249,218,360,365
ongblr1_bmp.rf.5cd405c6b9e9f0efbe9acfa2bd27f3af.jpg,640,640,iris,191,204,411,433
yannr4_bmp.rf.5a3ced499ac1e97c879d8ed729e14511.jpg,640,640,iris,214,72,455,381
yannr4_bmp.rf.5a3ced499ac1e97c879d8ed729e14511.jpg,640,640,pupille,286,146,387,290
tonghlr5_bmp.rf.6a9c9b2d8c9b9636d7aa2049d472f42a.jpg,640,640,pupille,298,193,407,333
tonghlr5_bmp.rf.6a9c9b2d8c9b9636d7aa2049d472f42a.jpg,640,640,iris,234,162,467,416
sitil2_bmp.rf.5f46ea00f12a9f22e11871d3927d3386.jpg,640,640,pupille,268,257,369,386
sitil2_bmp.rf.5f46ea00f12a9f22e11871d3927d3386.jpg,640,640,iris,212,223,439,460
kelvinl3_bmp.rf.6387edf69d66a6b1d6322076458977b1.jpg,640,640,iris,147,210,405,529
kelvinl3_bmp.rf.6387edf69d66a6b1d6322076458977b1.jpg,640,640,pupille,212,278,324,428
fional4_bmp.rf.5ffbd38fe23fe02b349b2577fac3ed8c.jpg,640,640,pupille,280,248,409,411
fional4_bmp.rf.5ffbd38fe23fe02b349b2577fac3ed8c.jpg,640,640,iris,218,193,465,480
aevar4_bmp.rf.6372b38cd73c6395cec457d211521e9b.jpg,640,640,iris,192,195,416,455
aevar4_bmp.rf.6372b38cd73c6395cec457d211521e9b.jpg,640,640,pupille,264,242,361,380
norsuhaidahr4_bmp.rf.70875a8622eb956e2425fdc4cc20cf48.jpg,640,640,iris,269,289,487,532
norsuhaidahr4_bmp.rf.70875a8622eb956e2425fdc4cc20cf48.jpg,640,640,pupille,335,326,432,452
suzailir5_bmp.rf.61f941abc03e7b477225d09829063d9f.jpg,640,640,pupille,300,356,372,449
suzailir5_bmp.rf.61f941abc03e7b477225d09829063d9f.jpg,640,640,iris,219,295,451,543
norsuhaidahr1_bmp.rf.5ca6ecc0321aa64fbec3ba2f720c3a01.jpg,640,640,pupille,286,271,395,408
norsuhaidahr1_bmp.rf.5ca6ecc0321aa64fbec3ba2f720c3a01.jpg,640,640,iris,226,240,451,491
tingcyl3_bmp.rf.692fa6cfc505258cd5eff04ae062a63c.jpg,640,640,iris,194,166,435,430
tingcyl3_bmp.rf.692fa6cfc505258cd5eff04ae062a63c.jpg,640,640,pupille,255,204,372,348
thomasr3_bmp.rf.71f5cc2837480c09109c30bb12a35634.jpg,640,640,pupille,208,221,328,372
thomasr3_bmp.rf.71f5cc2837480c09109c30bb12a35634.jpg,640,640,iris,134,190,391,441
nklr2_bmp.rf.6ace0e5d681b9974e41fbc5f15fb1c00.jpg,640,640,iris,216,174,459,409
nklr2_bmp.rf.6ace0e5d681b9974e41fbc5f15fb1c00.jpg,640,640,pupille,272,180,404,348
fatmar5_bmp.rf.732c6e4d11b3a9f8a93fdf9b6fbec9e9.jpg,640,640,iris,211,251,440,510
fatmar5_bmp.rf.732c6e4d11b3a9f8a93fdf9b6fbec9e9.jpg,640,640,pupille,267,298,379,438
yannr3_bmp.rf.768a65a80477996ac8a5f0ca18ef4fdc.jpg,640,640,pupille,294,245,414,403
yannr3_bmp.rf.768a65a80477996ac8a5f0ca18ef4fdc.jpg,640,640,iris,235,174,480,488
sarinar4_bmp.rf.741fe3f5e38d5b5df3077c4cff2d3bfc.jpg,640,640,iris,253,240,473,482
sarinar4_bmp.rf.741fe3f5e38d5b5df3077c4cff2d3bfc.jpg,640,640,pupille,305,264,428,425
norazar3_bmp.rf.6b6aa7ee49040fba23c4964b1065d230.jpg,640,640,pupille,326,246,451,413
norazar3_bmp.rf.6b6aa7ee49040fba23c4964b1065d230.jpg,640,640,iris,266,199,504,483
chingycl1_bmp.rf.77dee7d85ff91cd33c9eb27ae80372ab.jpg,640,640,iris,272,138,496,416
chingycl1_bmp.rf.77dee7d85ff91cd33c9eb27ae80372ab.jpg,640,640,pupille,321,195,431,336
sitil5_bmp.rf.6f8561fd07ca45b477c6771049c5ac6a.jpg,640,640,iris,275,163,479,413
sitil5_bmp.rf.6f8561fd07ca45b477c6771049c5ac6a.jpg,640,640,pupille,326,205,416,333
sitil4_bmp.rf.77af71f1bd9d23ed82af00a3c763808b.jpg,640,640,pupille,284,271,386,406
sitil4_bmp.rf.77af71f1bd9d23ed82af00a3c763808b.jpg,640,640,iris,222,229,452,488
tingcyl5_bmp.rf.74f46ac64b494578af986bfaf25412d2.jpg,640,640,iris,213,193,441,449
tingcyl5_bmp.rf.74f46ac64b494578af986bfaf25412d2.jpg,640,640,pupille,276,232,375,361
tingcyr1_bmp.rf.7690f03edee168878e2d96a377784ab8.jpg,640,640,pupille,266,251,356,373
tingcyr1_bmp.rf.7690f03edee168878e2d96a377784ab8.jpg,640,640,iris,201,204,413,452
aeval3_bmp.rf.74481e5ea17cddaa3fbc5cebdc342f6b.jpg,640,640,iris,148,182,400,485
aeval3_bmp.rf.74481e5ea17cddaa3fbc5cebdc342f6b.jpg,640,640,pupille,222,260,324,387
minglir3_bmp.rf.7b65af2ad7ed2db2544ae91036141687.jpg,640,640,pupille,264,215,362,355
minglir3_bmp.rf.7b65af2ad7ed2db2544ae91036141687.jpg,640,640,iris,200,199,426,430
maranl1_bmp.rf.7a97357b4d6b852d18c438635719ae3b.jpg,640,640,iris,189,256,428,504
maranl1_bmp.rf.7a97357b4d6b852d18c438635719ae3b.jpg,640,640,pupille,248,279,379,452
suzailil4_bmp.rf.7e280fa50d12ea8a90259148b4872c53.jpg,640,640,pupille,319,265,398,372
suzailil4_bmp.rf.7e280fa50d12ea8a90259148b4872c53.jpg,640,640,iris,251,221,472,471
lecr3_bmp.rf.7801822f1cb84ca84e9c8e63943cc8ac.jpg,640,640,pupille,344,221,436,334
lecr3_bmp.rf.7801822f1cb84ca84e9c8e63943cc8ac.jpg,640,640,iris,278,190,508,420
christinel1_bmp.rf.808ccf89b0c53c81eafb2f9ace5e090c.jpg,640,640,pupille,258,232,361,375
christinel1_bmp.rf.808ccf89b0c53c81eafb2f9ace5e090c.jpg,640,640,iris,209,209,414,419
maranl2_bmp.rf.62939d321d44b38d9e47f897afaf4b87.jpg,640,640,pupille,262,282,386,445
maranl2_bmp.rf.62939d321d44b38d9e47f897afaf4b87.jpg,640,640,iris,211,248,445,502
salal1_bmp.rf.800daf31f379475d4b63b1883ead610e.jpg,640,640,iris,158,325,398,540
salal1_bmp.rf.800daf31f379475d4b63b1883ead610e.jpg,640,640,pupille,222,326,338,474
chingycr5_bmp.rf.7ea29edd27dd19e06d759f7d07e90753.jpg,640,640,pupille,260,251,356,383
chingycr5_bmp.rf.7ea29edd27dd19e06d759f7d07e90753.jpg,640,640,iris,204,213,412,460
thomasr5_bmp.rf.82b74f124e7cbed0672d2b5eef546511.jpg,640,640,pupille,219,188,334,348
thomasr5_bmp.rf.82b74f124e7cbed0672d2b5eef546511.jpg,640,640,iris,138,174,395,425
suzailil1_bmp.rf.89835c4e04d82abfa8cfd388b39d26e1.jpg,640,640,iris,224,246,458,497
suzailil1_bmp.rf.89835c4e04d82abfa8cfd388b39d26e1.jpg,640,640,pupille,300,298,380,414
mahskr3_bmp.rf.85289587146101c2555968e47b2d99d6.jpg,640,640,pupille,256,232,359,362
mahskr3_bmp.rf.85289587146101c2555968e47b2d99d6.jpg,640,640,iris,194,202,416,441
minglil4_bmp.rf.83b6c48fbc2062c6629a9826727b3ea4.jpg,640,640,pupille,319,235,409,367
minglil4_bmp.rf.83b6c48fbc2062c6629a9826727b3ea4.jpg,640,640,iris,255,221,472,419
chingycl2_bmp.rf.8099599e767dadf85fe7b9b6c2bc9d22.jpg,640,640,pupille,262,231,346,340
chingycl2_bmp.rf.8099599e767dadf85fe7b9b6c2bc9d22.jpg,640,640,iris,216,180,406,413
eugenehol3_bmp.rf.7d7190002b54e7344145859c7bdf21fe.jpg,640,640,iris,221,238,449,483
eugenehol3_bmp.rf.7d7190002b54e7344145859c7bdf21fe.jpg,640,640,pupille,300,273,380,380
sarinal1_bmp.rf.778bd1d4cef45beb01a51f996049ef1f.jpg,640,640,iris,221,210,455,436
sarinal1_bmp.rf.778bd1d4cef45beb01a51f996049ef1f.jpg,640,640,pupille,278,249,399,413
philipl3_bmp.rf.80f650369c1ffe031e50e4b576906656.jpg,640,640,iris,193,160,413,428
philipl3_bmp.rf.80f650369c1ffe031e50e4b576906656.jpg,640,640,pupille,249,227,353,370
masl1_bmp.rf.8428646866d1c160443e911e5b776842.jpg,640,640,iris,249,331,465,543
masl1_bmp.rf.8428646866d1c160443e911e5b776842.jpg,640,640,pupille,288,339,409,491
pcll3_bmp.rf.89d40fa12ff59257b6bfa35a01abceee.jpg,640,640,iris,201,223,435,489
pcll3_bmp.rf.89d40fa12ff59257b6bfa35a01abceee.jpg,640,640,pupille,268,271,362,392
hockr5_bmp.rf.7a3addc16ff76ea69d8eecac06aa0961.jpg,640,640,pupille,307,251,411,394
hockr5_bmp.rf.7a3addc16ff76ea69d8eecac06aa0961.jpg,640,640,iris,240,221,473,460
mahskl2_bmp.rf.92acd421b733a97d6325d9cd22a4093c.jpg,640,640,pupille,289,216,389,351
mahskl2_bmp.rf.92acd421b733a97d6325d9cd22a4093c.jpg,640,640,iris,226,188,459,433
norazar4_bmp.rf.8c8fea103de2489c6215af1f9a4cb3d2.jpg,640,640,iris,260,234,498,525
norazar4_bmp.rf.8c8fea103de2489c6215af1f9a4cb3d2.jpg,640,640,pupille,316,279,442,455
aevar5_bmp.rf.7d5d950c7adb4a6bd86aecade64bb83d.jpg,640,640,pupille,246,284,347,427
aevar5_bmp.rf.7d5d950c7adb4a6bd86aecade64bb83d.jpg,640,640,iris,178,232,416,507
chingycl4_bmp.rf.805b07818b83467293cfe6b4208b39c6.jpg,640,640,pupille,305,275,405,395
chingycl4_bmp.rf.805b07818b83467293cfe6b4208b39c6.jpg,640,640,iris,247,220,466,480
zaridahr2_bmp.rf.910b984027e19ad4de36d879cb0e65b5.jpg,640,640,iris,222,205,459,491
zaridahr2_bmp.rf.910b984027e19ad4de36d879cb0e65b5.jpg,640,640,pupille,298,282,393,413
mahskl3_bmp.rf.8cc1cd5e2a40c70667efa8e54d05e93c.jpg,640,640,iris,244,207,462,452
mahskl3_bmp.rf.8cc1cd5e2a40c70667efa8e54d05e93c.jpg,640,640,pupille,304,234,396,369
winl2_bmp.rf.8a1d53930eec0392b23898bf8be091be.jpg,640,640,pupille,285,256,419,406
winl2_bmp.rf.8a1d53930eec0392b23898bf8be091be.jpg,640,640,iris,232,248,465,452
yannr1_bmp.rf.8d789975a334d14d76975e5fd4f01394.jpg,640,640,pupille,289,207,416,378
yannr1_bmp.rf.8d789975a334d14d76975e5fd4f01394.jpg,640,640,iris,228,140,478,458
hockl4_bmp.rf.915f0432ab249799fd99e7ecd8ebaa27.jpg,640,640,pupille,296,271,395,397
hockl4_bmp.rf.915f0432ab249799fd99e7ecd8ebaa27.jpg,640,640,iris,244,221,466,483
lecl2_bmp.rf.92af6ebe7beb9b97bc81ea90962a00ad.jpg,640,640,iris,167,306,407,554
lecl2_bmp.rf.92af6ebe7beb9b97bc81ea90962a00ad.jpg,640,640,pupille,234,340,338,471
pclr4_bmp.rf.92191d1a048406f6f9a0b9b80cf9ec5f.jpg,640,640,iris,219,216,460,500
pclr4_bmp.rf.92191d1a048406f6f9a0b9b80cf9ec5f.jpg,640,640,pupille,296,284,396,427
mimil2_bmp.rf.983ea71aeb9dfc8caf9532e316b6f5ff.jpg,640,640,pupille,291,268,379,384
mimil2_bmp.rf.983ea71aeb9dfc8caf9532e316b6f5ff.jpg,640,640,iris,226,229,459,436
maranl3_bmp.rf.91e71f0039df337ea2c7da960bad0848.jpg,640,640,iris,201,238,435,488
maranl3_bmp.rf.91e71f0039df337ea2c7da960bad0848.jpg,640,640,pupille,259,268,382,422
tickr2_bmp.rf.92ceca257ed56f71ee98029c1ec38f5b.jpg,640,640,iris,192,188,415,452
tickr2_bmp.rf.92ceca257ed56f71ee98029c1ec38f5b.jpg,640,640,pupille,247,246,365,403
fional3_bmp.rf.884497e8545bd7e8f5572ffb7270fe96.jpg,640,640,iris,331,199,558,461
fional3_bmp.rf.884497e8545bd7e8f5572ffb7270fe96.jpg,640,640,pupille,386,248,506,402
liujwr1_bmp.rf.9a0987806e13b432e23f1e5f2bf0e011.jpg,640,640,pupille,242,249,336,369
liujwr1_bmp.rf.9a0987806e13b432e23f1e5f2bf0e011.jpg,640,640,iris,180,180,396,455
tanwnl5_bmp.rf.9b2d1ca32f62431503e99c8fad631933.jpg,640,640,iris,109,220,335,428
tanwnl5_bmp.rf.9b2d1ca32f62431503e99c8fad631933.jpg,640,640,pupille,172,232,271,359
philipr3_bmp.rf.9e86839c5496d43c3e66b387280ed770.jpg,640,640,pupille,226,226,318,355
philipr3_bmp.rf.9e86839c5496d43c3e66b387280ed770.jpg,640,640,iris,161,169,386,383
hockl3_bmp.rf.89ca0bb05f04184b06ffc9a49f067f75.jpg,640,640,iris,247,237,466,491
hockl3_bmp.rf.89ca0bb05f04184b06ffc9a49f067f75.jpg,640,640,pupille,301,284,395,406
lecl4_bmp.rf.7736e5c8408d07c28be00d325565933f.jpg,640,640,iris,206,273,435,522
lecl4_bmp.rf.7736e5c8408d07c28be00d325565933f.jpg,640,640,pupille,273,318,371,447
zulaikahl3_bmp.rf.99d9ee65660c7f31f62ae199f7c23631.jpg,640,640,iris,240,182,482,480
zulaikahl3_bmp.rf.99d9ee65660c7f31f62ae199f7c23631.jpg,640,640,pupille,296,234,409,389
liujwl4_bmp.rf.a0574954b2200c456b17db5035bed396.jpg,640,640,pupille,321,201,424,340
liujwl4_bmp.rf.a0574954b2200c456b17db5035bed396.jpg,640,640,iris,247,147,505,427
tanwnl1_bmp.rf.93c7a5f1842b252cd2522d925e7b276d.jpg,640,640,iris,138,201,356,365
tanwnl1_bmp.rf.93c7a5f1842b252cd2522d925e7b276d.jpg,640,640,pupille,184,199,300,306
kelvinr4_bmp.rf.9315d6233ff0add66869ac2f87c76e45.jpg,640,640,iris,208,213,440,491
kelvinr4_bmp.rf.9315d6233ff0add66869ac2f87c76e45.jpg,640,640,pupille,276,256,380,403
fatmar1_bmp.rf.9954add4dc63871513a132986c91d026.jpg,640,640,iris,186,190,418,447
fatmar1_bmp.rf.9954add4dc63871513a132986c91d026.jpg,640,640,pupille,253,223,358,361
chingycr1_bmp.rf.a313fed83a7cd6817f767e3ef1d5e37a.jpg,640,640,pupille,294,282,392,416
chingycr1_bmp.rf.a313fed83a7cd6817f767e3ef1d5e37a.jpg,640,640,iris,232,213,448,491
chualsl1_bmp.rf.9b80f6fbc583dc65446dd74b2bdeb30f.jpg,640,640,pupille,289,196,389,336
chualsl1_bmp.rf.9b80f6fbc583dc65446dd74b2bdeb30f.jpg,640,640,iris,233,152,459,413
hockr2_bmp.rf.9910f6d4853adebfec229e4aa6519df5.jpg,640,640,iris,264,248,491,478
hockr2_bmp.rf.9910f6d4853adebfec229e4aa6519df5.jpg,640,640,pupille,326,276,425,422
tingcyl2_bmp.rf.9c1bc956abb8b604b3457cfb1abca2c3.jpg,640,640,pupille,239,221,342,351
tingcyl2_bmp.rf.9c1bc956abb8b604b3457cfb1abca2c3.jpg,640,640,iris,180,163,411,433
weecmr2_bmp.rf.9bc37399c11126dd2a1ed1e301e9df3a.jpg,640,640,iris,224,202,471,463
weecmr2_bmp.rf.9bc37399c11126dd2a1ed1e301e9df3a.jpg,640,640,pupille,298,235,400,380
ongbll1_bmp.rf.98cb5dcf9175ebb2174163b7ef27e57a.jpg,640,640,iris,241,193,439,439
ongbll1_bmp.rf.98cb5dcf9175ebb2174163b7ef27e57a.jpg,640,640,pupille,288,238,382,364
tanwnr5_bmp.rf.a31a89ee59ca774465795fa8de8f8cec.jpg,640,640,iris,228,240,455,463
tanwnr5_bmp.rf.a31a89ee59ca774465795fa8de8f8cec.jpg,640,640,pupille,295,237,404,369
liujwr5_bmp.rf.a0bc0a421ed6aed1193ccfb73096ba83.jpg,640,640,pupille,259,289,351,417
liujwr5_bmp.rf.a0bc0a421ed6aed1193ccfb73096ba83.jpg,640,640,iris,182,205,420,507
lowyfl1_bmp.rf.9e52608acbac250aee4c597ee293f150.jpg,640,640,iris,207,227,419,436
lowyfl1_bmp.rf.9e52608acbac250aee4c597ee293f150.jpg,640,640,pupille,259,251,371,384
chualsr2_bmp.rf.9fc028dfb54d50d32707b288c9c1031d.jpg,640,640,pupille,272,235,384,384
chualsr2_bmp.rf.9fc028dfb54d50d32707b288c9c1031d.jpg,640,640,iris,228,201,436,444
tonghll2_bmp.rf.a130680223a1cf568f1090b10e65c1e9.jpg,640,640,pupille,269,292,364,405
tonghll2_bmp.rf.a130680223a1cf568f1090b10e65c1e9.jpg,640,640,iris,212,248,427,493
zaridahr5_bmp.rf.a07cb7f0301fb7df57620e5e30c205b9.jpg,640,640,pupille,304,243,392,369
zaridahr5_bmp.rf.a07cb7f0301fb7df57620e5e30c205b9.jpg,640,640,iris,216,158,460,458
kelvinl4_bmp.rf.99ea619097f9503f247f9b03d298265d.jpg,640,640,pupille,222,301,326,436
kelvinl4_bmp.rf.99ea619097f9503f247f9b03d298265d.jpg,640,640,iris,160,238,399,522
tonghlr3_bmp.rf.9c29a2d99d351788ed79d8ae4e46236b.jpg,640,640,pupille,251,320,356,460
tonghlr3_bmp.rf.9c29a2d99d351788ed79d8ae4e46236b.jpg,640,640,iris,176,282,418,549